old_path,old_url,title,published_at,guide_url,guide_id
/twitter-as-a-global-body-without-organs/,https://blog.ideanexusventures.com/twitter-as-a-global-body-without-organs/,Twitter as a Global Body without Organs,2026-01-06T14:32:06.000Z,https://guide.hitchhikersguidetothefuture.com/guide/piece/?id=inv-5ac806201cc74bbb67c8e90e46262042de639a644b50e741e54c2ee216c64479,inv-5ac806201cc74bbb67c8e90e46262042de639a644b50e741e54c2ee216c64479
/the-future-belongs-to-npcs/,https://blog.ideanexusventures.com/the-future-belongs-to-npcs/,The Future Belongs to NPCs,2025-12-28T15:23:05.000Z,https://guide.hitchhikersguidetothefuture.com/guide/piece/?id=inv-2d96489370a9356b086a0866670ac265f504a62ba37429b0a6efd0a4985c7922,inv-2d96489370a9356b086a0866670ac265f504a62ba37429b0a6efd0a4985c7922
/what-if-aliens-are-simply-waiting-for-us-to-love-each-other/,https://blog.ideanexusventures.com/what-if-aliens-are-simply-waiting-for-us-to-love-each-other/,What If Aliens Are Simply Waiting for Us to Love Each Other?,2025-12-28T14:17:53.000Z,https://guide.hitchhikersguidetothefuture.com/guide/piece/?id=inv-c0072abaf07002b9cbb4ed342325309b49d64433ca821bcd53886fe81f58d911,inv-c0072abaf07002b9cbb4ed342325309b49d64433ca821bcd53886fe81f58d911
/the-price-of-sovereignty-experiment/,https://blog.ideanexusventures.com/the-price-of-sovereignty-experiment/,🧭 The Price of Sovereignty Experiment,2025-12-12T01:44:10.000Z,https://guide.hitchhikersguidetothefuture.com/guide/piece/?id=inv-e129bf85900123df01b98309f802eedf79f505620a83f622f9f7b953f64d4e97,inv-e129bf85900123df01b98309f802eedf79f505620a83f622f9f7b953f64d4e97
/internet-2-0-infrastructure-for-the-sovereign-age/,https://blog.ideanexusventures.com/internet-2-0-infrastructure-for-the-sovereign-age/,🌐 Internet 2.0: Infrastructure for the Sovereign Age,2025-12-11T15:16:00.000Z,https://guide.hitchhikersguidetothefuture.com/guide/piece/?id=inv-8c543b186df4539df109f030ae47e4b6427806715678547639428e29d4165f17,inv-8c543b186df4539df109f030ae47e4b6427806715678547639428e29d4165f17
/are-we-training-champions-or-cowards/,https://blog.ideanexusventures.com/are-we-training-champions-or-cowards/,Are We Training Champions — Or Cowards?,2025-12-09T17:40:43.000Z,https://guide.hitchhikersguidetothefuture.com/guide/piece/?id=inv-3aa1b4656aba82dab13840b8568f6c843987899654d6e04945c3bdc581ea9b4a,inv-3aa1b4656aba82dab13840b8568f6c843987899654d6e04945c3bdc581ea9b4a
/its-time-to-choose-meaningful-games/,https://blog.ideanexusventures.com/its-time-to-choose-meaningful-games/,It’s time to choose meaningful games.,2025-12-09T14:20:28.000Z,https://guide.hitchhikersguidetothefuture.com/guide/piece/?id=inv-0868133367980f33d21aef1561464f6fc6c4f5d2dc787d3b594d761cad7c67cc,inv-0868133367980f33d21aef1561464f6fc6c4f5d2dc787d3b594d761cad7c67cc
/i-modeled-a-society-with-perfect-fact-checking-it-went-insane/,https://blog.ideanexusventures.com/i-modeled-a-society-with-perfect-fact-checking-it-went-insane/,I Modeled a Society with Perfect Fact-Checking. It Went Insane.,2025-12-03T14:33:43.000Z,https://guide.hitchhikersguidetothefuture.com/guide/piece/?id=inv-648248cc91825a1521a58b4ffe350a206accae79a35a3dff6d93226d9aad8d29,inv-648248cc91825a1521a58b4ffe350a206accae79a35a3dff6d93226d9aad8d29
/the-internet-2-0-manifesto-section-2/,https://blog.ideanexusventures.com/the-internet-2-0-manifesto-section-2/,THE INTERNET 2.0 MANIFESTO,2025-11-30T15:08:55.000Z,https://guide.hitchhikersguidetothefuture.com/guide/piece/?id=inv-b464e8b12c53d088253af72ff15ff1901a5c28c9dc273620aeec5b3c396600c0,inv-b464e8b12c53d088253af72ff15ff1901a5c28c9dc273620aeec5b3c396600c0
/the-internet-2-0-manifesto-section-3/,https://blog.ideanexusventures.com/the-internet-2-0-manifesto-section-3/,THE INTERNET 2.0 MANIFESTO,2025-11-30T15:13:40.000Z,https://guide.hitchhikersguidetothefuture.com/guide/piece/?id=inv-52e69933e25c07dd848a2c7014e8c6f45b0ca75d5986f02f53e397641f13a243,inv-52e69933e25c07dd848a2c7014e8c6f45b0ca75d5986f02f53e397641f13a243
/the-internet-2-0-manifesto-section-4/,https://blog.ideanexusventures.com/the-internet-2-0-manifesto-section-4/,THE INTERNET 2.0 MANIFESTO,2025-11-30T15:15:13.000Z,https://guide.hitchhikersguidetothefuture.com/guide/piece/?id=inv-bc0b4061a353cd147132b1844b5e3f9f88a52220d2bce6cb2a4c490934fdba4e,inv-bc0b4061a353cd147132b1844b5e3f9f88a52220d2bce6cb2a4c490934fdba4e
/the-internet-2-0-manifesto-section-5/,https://blog.ideanexusventures.com/the-internet-2-0-manifesto-section-5/,THE INTERNET 2.0 MANIFESTO,2025-11-30T15:24:48.000Z,https://guide.hitchhikersguidetothefuture.com/guide/piece/?id=inv-1acd40b26cd254c0e39927c0e8a9ce9086f1cef7f9f5fc0fec1a7a9a7d24b894,inv-1acd40b26cd254c0e39927c0e8a9ce9086f1cef7f9f5fc0fec1a7a9a7d24b894
/the-internet-2-0-manifesto-section-1/,https://blog.ideanexusventures.com/the-internet-2-0-manifesto-section-1/,THE INTERNET 2.0 MANIFESTO,2025-11-30T15:06:39.000Z,https://guide.hitchhikersguidetothefuture.com/guide/piece/?id=inv-a406f05b985026f09a17a516199f59929e4c2a7e7c2e4683045f156689538529,inv-a406f05b985026f09a17a516199f59929e4c2a7e7c2e4683045f156689538529
/advertising-is-a-sign-youve-run-out-of-ideas/,https://blog.ideanexusventures.com/advertising-is-a-sign-youve-run-out-of-ideas/,Advertising Is a Sign You’ve Run Out of Ideas,2025-11-26T14:29:21.000Z,https://guide.hitchhikersguidetothefuture.com/guide/piece/?id=inv-22972515390948994ec0c284ce346004abf1219a8390e0f152db04f623704107,inv-22972515390948994ec0c284ce346004abf1219a8390e0f152db04f623704107
/conscious-systems-the-future-of-human-coordination/,https://blog.ideanexusventures.com/conscious-systems-the-future-of-human-coordination/,Conscious Systems - The Future of Human Coordination,2025-11-24T15:01:54.000Z,https://guide.hitchhikersguidetothefuture.com/guide/piece/?id=inv-36dc9715c494e6d0ad041d00b40b2711bc78014aff4efd7a5ad20cbe74a9873b,inv-36dc9715c494e6d0ad041d00b40b2711bc78014aff4efd7a5ad20cbe74a9873b
/how-to-avoid-90-of-bad-dates/,https://blog.ideanexusventures.com/how-to-avoid-90-of-bad-dates/,How to Avoid 90% of Bad Dates,2025-11-15T20:51:01.000Z,https://guide.hitchhikersguidetothefuture.com/guide/piece/?id=inv-1dc0e52ed09e149579f3247030a59570822cd4091ad2c23cc3c3b591da034c2f,inv-1dc0e52ed09e149579f3247030a59570822cd4091ad2c23cc3c3b591da034c2f
/the-big-mac-index-is-really-a-complexity-index-and-taiwan-just-exposed-it/,https://blog.ideanexusventures.com/the-big-mac-index-is-really-a-complexity-index-and-taiwan-just-exposed-it/,The Big Mac Index Is Really a Complexity Index — And Taiwan Just Exposed It,2025-11-14T17:09:49.000Z,https://guide.hitchhikersguidetothefuture.com/guide/piece/?id=inv-4ce92223be85d7a7b1076e6eb30f82e19737534e52b9bff69223a3ff2693c855,inv-4ce92223be85d7a7b1076e6eb30f82e19737534e52b9bff69223a3ff2693c855
/the-coherence-crisis-why-the-world-no-longer-makes-sense-and-how-to-fix-it/,https://blog.ideanexusventures.com/the-coherence-crisis-why-the-world-no-longer-makes-sense-and-how-to-fix-it/,The Coherence Crisis: Why the World No Longer Makes Sense — and How to Fix It,2025-11-14T00:21:13.000Z,https://guide.hitchhikersguidetothefuture.com/guide/piece/?id=inv-9f8f2bc1951ac3c049a562a39b79f0bc7c638fca286435391c00f3e6977d055a,inv-9f8f2bc1951ac3c049a562a39b79f0bc7c638fca286435391c00f3e6977d055a
/the-trustops-era/,https://blog.ideanexusventures.com/the-trustops-era/,🕊️ The TrustOps Era,2025-11-04T01:49:42.000Z,https://guide.hitchhikersguidetothefuture.com/guide/piece/?id=inv-9697722320534a0b27951976a69b58223b655995a6ee74c94bc07b505bd03d32,inv-9697722320534a0b27951976a69b58223b655995a6ee74c94bc07b505bd03d32
/the-growth-rate-university-how-ohio-state-or-any-university-can-lead-the-age-of-ai/,https://blog.ideanexusventures.com/the-growth-rate-university-how-ohio-state-or-any-university-can-lead-the-age-of-ai/,🧭 The Growth Rate University: How Ohio State (or Any University) Can Lead the Age of AI,2025-10-31T00:32:14.000Z,https://guide.hitchhikersguidetothefuture.com/guide/piece/?id=inv-8147200e54e0af70cf6c6765694dd81072788adde24fb162486d123b3bfb8a11,inv-8147200e54e0af70cf6c6765694dd81072788adde24fb162486d123b3bfb8a11
/the-growth-continuum-why-the-university-must-protect-time-and-what-comes-after-the-degree/,https://blog.ideanexusventures.com/the-growth-continuum-why-the-university-must-protect-time-and-what-comes-after-the-degree/,🕰️ The Growth Continuum: Why the University Must Protect Time—and What Comes After the Degree,2025-10-31T00:17:49.000Z,https://guide.hitchhikersguidetothefuture.com/guide/piece/?id=inv-5189ca6ea3366398a7289cbf23f77e029917225cf8fde84f9b7ad2918d3a199d,inv-5189ca6ea3366398a7289cbf23f77e029917225cf8fde84f9b7ad2918d3a199d
/the-trust-university-how-ohio-state-can-become-the-ethical-data-layer-of-the-conscious-economy/,https://blog.ideanexusventures.com/the-trust-university-how-ohio-state-can-become-the-ethical-data-layer-of-the-conscious-economy/,🧩 The Trust University: How Ohio State Can Become the Ethical Data Layer of the Conscious Economy,2025-10-31T00:15:33.000Z,https://guide.hitchhikersguidetothefuture.com/guide/piece/?id=inv-30a1e77d9a87d083828586b5ce30f77803c4fe9a63421928c52bc9fc76d28ae6,inv-30a1e77d9a87d083828586b5ce30f77803c4fe9a63421928c52bc9fc76d28ae6
/the-age-of-hypergames-why-conscious-competition-is-the-only-stable-incentive/,https://blog.ideanexusventures.com/the-age-of-hypergames-why-conscious-competition-is-the-only-stable-incentive/,The Age of Hypergames: Why Conscious Competition Is the Only Stable Incentive,2025-10-30T14:28:33.000Z,https://guide.hitchhikersguidetothefuture.com/guide/piece/?id=inv-372e7dab6f349adbd726a90fd75f8fe199f12430a9667122a4012ff8f180de0e,inv-372e7dab6f349adbd726a90fd75f8fe199f12430a9667122a4012ff8f180de0e
/the-renaissance-will-be-televised-the-rise-of-competitive-academia/,https://blog.ideanexusventures.com/the-renaissance-will-be-televised-the-rise-of-competitive-academia/,The Renaissance Will Be Televised: The Rise of Competitive Academia,2025-10-30T13:57:24.000Z,https://guide.hitchhikersguidetothefuture.com/guide/piece/?id=inv-4731f1b619a65caba1152ff8cd71ed6a0304d89b9d8ccb47d6c3e61243238b49,inv-4731f1b619a65caba1152ff8cd71ed6a0304d89b9d8ccb47d6c3e61243238b49
/the-death-of-academic-competition-and-the-rise-of-conscious-excellence/,https://blog.ideanexusventures.com/the-death-of-academic-competition-and-the-rise-of-conscious-excellence/,The Death of Academic Competition — and the Rise of Conscious Excellence,2025-10-30T13:48:01.000Z,https://guide.hitchhikersguidetothefuture.com/guide/piece/?id=inv-82bc75bab439cdc93c26aa24c4f17538a350f8bf4fa14bec3536f0e7e8e73194,inv-82bc75bab439cdc93c26aa24c4f17538a350f8bf4fa14bec3536f0e7e8e73194
/the-physics-of-mastery-when-reality-disbelieves-itself/,https://blog.ideanexusventures.com/the-physics-of-mastery-when-reality-disbelieves-itself/,The Physics of Mastery: When Reality Disbelieves Itself,2025-10-27T17:59:27.000Z,https://guide.hitchhikersguidetothefuture.com/guide/piece/?id=inv-998c1e7449d0aae500857ba01252bba44eb36f528cd5308cc32236730ff847a7,inv-998c1e7449d0aae500857ba01252bba44eb36f528cd5308cc32236730ff847a7
/the-visible-soul/,https://blog.ideanexusventures.com/the-visible-soul/,The Visible Soul,2025-10-19T18:02:33.000Z,https://guide.hitchhikersguidetothefuture.com/guide/piece/?id=inv-078d7c5d4b4926894797d20f51401be1e69ad4c40e4f19adc0e438831b8ee330,inv-078d7c5d4b4926894797d20f51401be1e69ad4c40e4f19adc0e438831b8ee330
/the-factory-that-runs-on-love/,https://blog.ideanexusventures.com/the-factory-that-runs-on-love/,The Factory That Runs on Love,2025-10-14T14:08:10.000Z,https://guide.hitchhikersguidetothefuture.com/guide/piece/?id=inv-702b7c745085282c55ca72765f36588d6d100c96e720c38a769601eeb2f08601,inv-702b7c745085282c55ca72765f36588d6d100c96e720c38a769601eeb2f08601
/the-conscious-economy/,https://blog.ideanexusventures.com/the-conscious-economy/,The Conscious Economy,2025-10-13T15:31:46.000Z,https://guide.hitchhikersguidetothefuture.com/guide/piece/?id=inv-ebf384c26684e1b6cb4d792ca84ff2160848a1943d73449f78a2b8c7daa1f2d2,inv-ebf384c26684e1b6cb4d792ca84ff2160848a1943d73449f78a2b8c7daa1f2d2
/the-conscious-creator/,https://blog.ideanexusventures.com/the-conscious-creator/,The Conscious Creator,2025-10-12T19:23:52.000Z,https://guide.hitchhikersguidetothefuture.com/guide/piece/?id=inv-4111d32876ede6a98bec680b71c2109cc5f8eaecb8f1a39261763b9f86111706,inv-4111d32876ede6a98bec680b71c2109cc5f8eaecb8f1a39261763b9f86111706
/post-draft-from-pagerank-to-idearank/,https://blog.ideanexusventures.com/post-draft-from-pagerank-to-idearank/,From PageRank to IdeaRank,2025-10-08T16:59:46.000Z,https://guide.hitchhikersguidetothefuture.com/guide/piece/?id=inv-16166fa0f8bee465392c79ef262ffe83e88bd1bed4a7d1a0f454b93dcf70ca34,inv-16166fa0f8bee465392c79ef262ffe83e88bd1bed4a7d1a0f454b93dcf70ca34
/klap-vs-manifold-virality-scoring/,https://blog.ideanexusventures.com/klap-vs-manifold-virality-scoring/,Klap vs Manifold - Virality Scoring,2025-10-08T14:32:55.000Z,https://guide.hitchhikersguidetothefuture.com/guide/piece/?id=inv-c33cc7e4681af691d8075e6642ffd187be3b769c3582cdd6223f147279cc3e66,inv-c33cc7e4681af691d8075e6642ffd187be3b769c3582cdd6223f147279cc3e66
/product-2-human-launch-service/,https://blog.ideanexusventures.com/product-2-human-launch-service/,Product 2: Human Launch Service,2025-10-07T17:26:42.000Z,https://guide.hitchhikersguidetothefuture.com/guide/piece/?id=inv-f9ce13edc4df3dcbb13f162d36b890cc505a87e69377082c2f0db562a0e4df37,inv-f9ce13edc4df3dcbb13f162d36b890cc505a87e69377082c2f0db562a0e4df37
/announcing-the-first-idea-nexus-ventures-product-the-anti-meme/,https://blog.ideanexusventures.com/announcing-the-first-idea-nexus-ventures-product-the-anti-meme/,Announcing the first Idea Nexus Ventures Product: The Anti-meme,2025-10-05T19:02:12.000Z,https://guide.hitchhikersguidetothefuture.com/guide/piece/?id=inv-6f8a40d14f533c158e5dbfb7e291f3355615a8c005af22fc3a3ac57fd831b926,inv-6f8a40d14f533c158e5dbfb7e291f3355615a8c005af22fc3a3ac57fd831b926
/conscious-investors-see-signals-others-dont/,https://blog.ideanexusventures.com/conscious-investors-see-signals-others-dont/,Conscious Investors See Signals Others Don't,2025-10-04T18:07:41.000Z,https://guide.hitchhikersguidetothefuture.com/guide/piece/?id=inv-99b8fd434674951868ae6fb4f3829cad463d1e9e1f95ea09e20ce064879294ed,inv-99b8fd434674951868ae6fb4f3829cad463d1e9e1f95ea09e20ce064879294ed
/the-information-superhighways-toll-roads-an-idiot-index-analysis/,https://blog.ideanexusventures.com/the-information-superhighways-toll-roads-an-idiot-index-analysis/,The Information Superhighway's Toll Roads: An Idiot Index Analysis,2025-09-30T12:08:58.000Z,https://guide.hitchhikersguidetothefuture.com/guide/piece/?id=inv-f8e3db39e4d3b722709ff4f3a7ba0ecd882b76506d65272c04be2078f1d8d0b0,inv-f8e3db39e4d3b722709ff4f3a7ba0ecd882b76506d65272c04be2078f1d8d0b0
/consciousness-as-entropy-arbitrage-a-three-level-inductive-proof/,https://blog.ideanexusventures.com/consciousness-as-entropy-arbitrage-a-three-level-inductive-proof/,Consciousness as Entropy Arbitrage: A Three-Level Inductive Proof,2025-09-29T16:56:53.000Z,https://guide.hitchhikersguidetothefuture.com/guide/piece/?id=inv-c0c51c8b58326f028e4c6199fde3fd0fde1a8270a9b21189f325c9f527e9470f,inv-c0c51c8b58326f028e4c6199fde3fd0fde1a8270a9b21189f325c9f527e9470f
/open-covered-call-trade-analysis/,https://blog.ideanexusventures.com/open-covered-call-trade-analysis/,$OPEN Covered Call Trade Analysis,2025-09-28T17:12:01.000Z,https://guide.hitchhikersguidetothefuture.com/guide/piece/?id=inv-ee5ebb40f3cfab47b761781c0500f2ef3c6cca78789947f9ef8758661d3c5ab3,inv-ee5ebb40f3cfab47b761781c0500f2ef3c6cca78789947f9ef8758661d3c5ab3
/conscious-markets-framework-and-transaction-comparisons/,https://blog.ideanexusventures.com/conscious-markets-framework-and-transaction-comparisons/,Conscious Markets: Framework and Transaction Comparisons,2025-09-28T13:34:21.000Z,https://guide.hitchhikersguidetothefuture.com/guide/piece/?id=inv-05e9fadc0d8a4f80cb50f054988bbcc694b4e80e5948fc3246279bbce73a8f8d,inv-05e9fadc0d8a4f80cb50f054988bbcc694b4e80e5948fc3246279bbce73a8f8d
/from-knowledge-work-to-consciousness-work-why-the-future-belongs-to-shared-awareness-not-shared-information/,https://blog.ideanexusventures.com/from-knowledge-work-to-consciousness-work-why-the-future-belongs-to-shared-awareness-not-shared-information/,"From Knowledge Work to Consciousness Work: Why the Future Belongs to Shared Awareness, Not Shared Information",2025-09-20T20:55:40.000Z,https://guide.hitchhikersguidetothefuture.com/guide/piece/?id=inv-b325a97388a4f184cb383f89e7f8e4f9ae684f4e32580a4f23c9fa5af7f4289a,inv-b325a97388a4f184cb383f89e7f8e4f9ae684f4e32580a4f23c9fa5af7f4289a
/when-quants-meet-consciousness-jane-streets-opendoor-position-through-the-lens-of-organic-alignment/,https://blog.ideanexusventures.com/when-quants-meet-consciousness-jane-streets-opendoor-position-through-the-lens-of-organic-alignment/,When Quants Meet Consciousness: Jane Street's Opendoor Position Through the Lens of Organic Alignment,2025-09-24T23:30:55.000Z,https://guide.hitchhikersguidetothefuture.com/guide/piece/?id=inv-82c78e7b1b8122057e1371736c933acea2dd9fc476ec792ee4fc040db70064d1,inv-82c78e7b1b8122057e1371736c933acea2dd9fc476ec792ee4fc040db70064d1
